date,open,high,low,close,volume
2025-03-20,355.29999,381.20001,352.70001,364.64999,3348773
2025-03-21,361.00000,376.54999,358.35001,375.10001,1028764
2025-03-24,382.79999,395.29999,378.50000,380.04999,1249111
2025-03-25,380.04999,384.70001,366.20001,370.04999,899738
2025-03-26,371.00000,373.25000,357.54999,360.04999,573692
2025-03-27,367.64999,367.64999,352.45001,356.35001,1017090
2025-03-28,356.35001,362.89999,343.00000,345.70001,690221
2025-04-01,345.00000,358.60001,343.54999,348.60001,651868
2025-04-02,350.95001,356.25000,345.54999,351.54999,437040
2025-04-03,349.70001,353.95001,340.00000,341.20001,864628
2025-04-04,342.25000,344.14999,318.35001,321.45001,899384
2025-04-07,291.95001,305.00000,286.39999,301.10001,1533765
2025-04-08,306.04999,312.75000,301.79999,305.50000,3333308
2025-04-09,305.50000,314.39999,300.00000,312.70001,719411
2025-04-11,316.89999,324.70001,309.89999,315.54999,952772
2025-04-15,323.00000,334.14999,319.29999,333.39999,581373
2025-04-16,334.89999,338.20001,331.75000,335.04999,410869
2025-04-17,300.00000,317.39999,288.00000,314.70001,12278692
2025-04-21,317.00000,322.64999,312.10001,321.00000,1748787
2025-04-22,321.00000,326.95001,319.89999,321.20001,758971
2025-04-23,325.00000,331.14999,322.00000,327.89999,1772381
2025-04-24,329.14999,374.39999,327.00000,355.50000,28371145
2025-04-25,358.00000,361.00000,334.20001,337.89999,5606055
2025-04-28,337.89999,366.00000,328.39999,362.75000,16000513
2025-04-29,364.60001,379.00000,364.60001,376.00000,8524645
2025-04-30,376.00000,447.25000,369.29999,421.54999,39994145
2025-05-02,419.00000,464.20001,403.20001,431.79999,51149311
2025-05-05,424.54999,445.00000,416.85001,422.29999,17394478
2025-05-06,429.70001,436.00000,381.00000,385.29999,13932874
2025-05-07,385.29999,406.89999,371.35001,397.20001,15475979
2025-05-08,407.50000,415.00000,386.45001,392.60001,14760867
2025-05-09,383.04999,389.00000,362.70001,365.70001,7943090
2025-05-12,387.00000,401.95001,385.35001,396.60001,6196086
2025-05-13,399.45001,409.29999,388.89999,400.00000,7062409
2025-05-14,402.00000,404.10001,390.64999,392.95001,3524326
2025-05-15,396.89999,404.00000,393.64999,397.50000,2760316
2025-05-16,401.60001,406.35001,396.04999,397.79999,2234035
2025-05-19,399.04999,402.39999,387.64999,389.00000,2260539
2025-05-20,394.20001,397.00000,389.64999,392.35001,2083749
2025-05-21,400.00000,403.79999,389.70001,394.95001,2403440
2025-05-22,394.95001,396.75000,387.75000,390.64999,1047439
2025-05-23,392.50000,402.29999,386.10001,394.79999,2754101
2025-05-26,397.75000,409.89999,393.54999,399.60001,2753419
2025-05-27,399.79999,403.00000,395.25000,401.25000,1200584
2025-05-28,404.79999,409.20001,401.10001,404.75000,1494989
2025-05-29,406.95001,419.79999,402.04999,404.50000,1849268
2025-05-30,405.60001,411.00000,402.70001,409.04999,1477168
2025-06-02,409.10001,413.60001,403.29999,412.04999,1006196
2025-06-03,412.04999,415.75000,408.04999,414.25000,1288840
2025-06-04,414.25000,420.50000,410.54999,412.35001,1296812
2025-06-05,413.60001,416.39999,408.00000,409.45001,744518
2025-06-06,411.00000,411.89999,405.00000,410.14999,665390
2025-06-09,413.00000,423.29999,411.54999,414.70001,1460814
2025-06-10,418.00000,431.50000,416.29999,417.70001,2305821
2025-06-11,425.00000,431.35001,414.50000,428.25000,3494408
2025-06-12,431.00000,431.00000,413.00000,414.70001,1576339
2025-06-13,402.45001,417.00000,399.00000,411.29999,1288504
2025-06-16,409.95001,427.04999,406.54999,425.14999,1486589
2025-06-17,425.14999,430.00000,417.20001,419.29999,967096
2025-06-18,419.00000,423.45001,414.04999,415.79999,641847
2025-06-19,418.00000,419.00000,399.00000,401.95001,971695
2025-06-20,402.00000,410.00000,395.00000,397.89999,2006716
2025-06-23,395.95001,401.00000,393.04999,394.60001,700469
2025-06-24,399.20001,401.85001,391.00000,393.54999,1112404
2025-06-25,396.00000,419.85001,395.00000,413.64999,3474332
2025-06-26,415.00000,418.64999,408.89999,410.60001,672427
2025-06-27,412.50000,431.00000,411.00000,412.35001,3294954
2025-06-30,416.04999,416.89999,409.00000,410.04999,795062
2025-07-01,412.10001,412.70001,405.10001,409.89999,743346
2025-07-02,411.95001,413.20001,404.10001,405.60001,632891
2025-07-03,407.04999,410.00000,404.35001,406.14999,567792
2025-07-04,407.50000,411.70001,404.79999,410.50000,569668
2025-07-07,410.39999,417.79999,407.00000,417.10001,764177
2025-07-08,417.10001,452.79999,416.10001,439.95001,16248165
2025-07-09,438.50000,443.14999,429.00000,433.64999,1897420
2025-07-10,434.50000,438.89999,425.45001,430.29999,1006771
2025-07-11,430.79999,433.75000,424.54999,430.04999,735371
2025-07-14,430.39999,434.14999,425.04999,432.89999,667289
2025-07-15,432.89999,438.29999,432.39999,435.89999,768529
2025-07-16,435.89999,447.29999,433.00000,436.29999,796139
2025-07-17,438.29999,440.00000,431.79999,437.45001,573162
2025-07-18,439.00000,439.95001,431.60001,437.04999,531083
2025-07-21,438.00000,440.10001,431.00000,438.04999,411197
2025-07-22,440.00000,442.79999,427.50000,430.04999,528995
2025-07-23,429.60001,431.70001,416.85001,428.20001,572332
2025-07-24,430.00000,433.14999,426.00000,430.29999,479379
2025-07-25,429.89999,429.89999,410.04999,413.00000,508570
2025-07-28,413.89999,413.89999,405.45001,408.00000,561820
2025-07-29,407.00000,409.95001,399.14999,408.25000,562882
2025-07-30,408.25000,417.85001,407.04999,413.95001,539930
2025-07-31,411.00000,411.00000,386.54999,391.95001,1961329
2025-08-01,392.00000,395.95001,360.20001,364.64999,1847201
2025-08-04,366.95001,368.85001,357.00000,359.10001,1750403
2025-08-05,359.10001,363.85001,353.39999,355.39999,887928
2025-08-06,355.50000,357.00000,343.00000,347.04999,909624
2025-08-07,345.20001,350.60001,341.39999,349.60001,509293
2025-08-08,349.89999,351.95001,341.00000,342.89999,328008
2025-08-11,343.00000,344.64999,327.79999,329.75000,1959465
2025-08-12,331.00000,381.00000,329.14999,373.60001,40992949
2025-08-13,377.00000,385.00000,353.75000,367.45001,9622633
2025-08-14,367.00000,372.39999,357.00000,359.70001,2373807
2025-08-18,362.00000,362.79999,348.00000,356.60001,2164296
2025-08-19,359.39999,360.00000,354.00000,355.89999,683463
2025-08-20,359.00000,377.00000,356.95001,372.35001,3067412
2025-08-21,373.89999,383.39999,371.89999,377.14999,1946986
2025-08-22,374.00000,377.89999,368.60001,372.79999,757145
2025-08-25,376.64999,401.50000,375.04999,381.35001,6821231
2025-08-26,381.70001,383.75000,362.35001,364.25000,1362867
2025-08-28,363.95001,366.20001,356.00000,358.20001,825519
2025-08-29,360.29999,364.89999,348.14999,350.85001,1196113
2025-09-01,352.04999,363.95001,352.00000,354.00000,1140276
2025-09-02,355.64999,359.00000,353.64999,356.29999,559540
2025-09-03,357.39999,362.00000,355.29999,359.54999,508808
2025-09-04,362.00000,369.00000,358.64999,359.95001,894696
2025-09-05,359.95001,363.29999,356.14999,359.00000,426250
2025-09-08,359.00000,365.00000,354.00000,355.39999,466663
2025-09-09,358.25000,373.00000,355.14999,369.50000,1434358
2025-09-10,370.00000,381.50000,369.10001,372.39999,1327947
2025-09-11,372.39999,380.14999,368.54999,379.25000,769004
2025-09-12,384.95001,387.50000,379.25000,382.60001,725234
2025-09-15,383.50000,383.50000,377.50000,379.89999,390661
2025-09-16,381.45001,384.00000,375.89999,378.79999,323564
2025-09-17,380.39999,398.70001,379.35001,390.20001,1653370
2025-09-18,393.00000,421.50000,391.20001,400.50000,11888695
2025-09-19,400.45001,400.60001,392.00000,394.10001,1080982
2025-09-22,387.95001,396.00000,381.79999,392.64999,1540457
2025-09-23,392.95001,403.00000,385.60001,386.64999,1078881
2025-09-24,386.04999,387.50000,372.50000,376.85001,1052592
2025-09-25,374.75000,376.45001,364.00000,368.29999,1051147
2025-09-26,369.89999,369.89999,354.00000,357.79999,558274
2025-09-29,359.29999,361.00000,340.70001,343.14999,1498093
2025-09-30,345.10001,366.75000,339.35001,346.10001,7206977
2025-10-01,347.95001,352.20001,342.64999,348.29999,1038016
2025-10-03,348.70001,351.54999,346.50000,349.60001,565501
2025-10-06,350.14999,358.95001,348.89999,351.79999,1036606
2025-10-07,353.50000,357.20001,350.20001,352.60001,573045
2025-10-08,354.29999,384.70001,351.35001,370.70001,9549088
2025-10-09,371.00000,376.89999,365.54999,374.89999,1237084
2025-10-10,376.89999,376.89999,367.54999,368.70001,530187
2025-10-13,367.50000,368.00000,361.00000,363.35001,442182
2025-10-14,364.79999,368.95001,358.00000,363.50000,452502
2025-10-15,366.00000,375.00000,361.54999,370.35001,860356
2025-10-16,369.50000,372.00000,366.25000,370.79999,501011
2025-10-17,370.00000,370.00000,363.00000,366.89999,323596
2025-10-20,366.89999,368.70001,358.00000,359.60001,523036
2025-10-21,359.10001,367.79999,359.00000,363.39999,134193
2025-10-23,368.25000,392.29999,365.00000,373.10001,7382188
2025-10-24,374.00000,385.64999,370.00000,371.64999,1798372
2025-10-27,372.70001,376.00000,370.14999,374.20001,597499
2025-10-28,374.20001,374.60001,366.29999,370.50000,352670
2025-10-29,370.50000,375.60001,368.50000,374.39999,316980
2025-10-30,374.04999,376.35001,370.14999,372.64999,216295
2025-10-31,372.04999,374.54999,365.39999,369.85001,281298
2025-11-03,370.25000,374.50000,369.04999,371.70001,266050
2025-11-04,371.70001,376.00000,368.39999,374.25000,296116
2025-11-06,372.50000,375.00000,363.10001,365.85001,323191
2025-11-07,363.00000,369.50000,358.00000,367.79999,301377
2025-11-10,367.75000,379.00000,365.10001,376.14999,728662
2025-11-11,376.20001,378.00000,370.14999,371.79999,299607
2025-11-12,373.79999,396.50000,372.00000,392.79999,2801504
2025-11-13,393.04999,400.50000,386.00000,389.39999,995358
2025-11-14,390.00000,390.00000,364.00000,374.14999,2305036
2025-11-17,374.00000,375.00000,368.04999,370.95001,874111
2025-11-18,370.10001,370.95001,363.60001,365.50000,623100
2025-11-19,366.50000,376.89999,362.60001,370.04999,1382029
2025-11-20,371.04999,372.45001,362.10001,364.95001,635123
2025-11-21,364.95001,365.89999,356.25000,358.04999,375039
2025-11-24,358.25000,364.50000,358.00000,360.29999,650417
2025-11-25,362.00000,364.00000,355.95001,357.95001,345435
2025-11-26,360.45001,361.45001,356.10001,360.39999,375441
2025-11-27,362.85001,363.04999,355.54999,357.04999,302290
2025-11-28,357.95001,365.00000,354.39999,357.39999,774003
2025-12-01,358.54999,364.20001,357.20001,358.79999,313926
2025-12-02,360.00000,360.29999,349.45001,350.10001,660702
2025-12-03,352.04999,372.00000,351.89999,364.45001,7681554
2025-12-04,365.00000,374.79999,363.75000,365.54999,1934702
2025-12-05,365.60001,365.79999,357.10001,361.20001,668416
2025-12-08,361.39999,363.10001,351.20001,354.75000,453702
2025-12-09,355.39999,355.89999,345.00000,348.85001,493734
2025-12-10,351.70001,355.70001,346.29999,347.85001,431089
2025-12-11,350.00000,352.89999,341.20001,351.20001,538827
2025-12-12,354.50000,354.50000,348.95001,350.04999,433815
2025-12-15,350.00000,350.10001,346.75000,349.39999,226593
2025-12-16,350.50000,350.50000,341.89999,344.54999,616427
2025-12-17,344.54999,345.14999,340.50000,341.54999,320016
2025-12-18,340.79999,344.00000,338.20001,339.70001,325433
2025-12-19,342.89999,345.89999,341.10001,344.60001,498925
2025-12-22,348.35001,357.79999,348.14999,351.85001,720109
2025-12-23,354.00000,366.00000,350.75000,362.75000,1305993
2025-12-24,361.79999,362.60001,354.89999,359.20001,683228
2025-12-26,360.04999,370.85001,356.54999,366.64999,936745
2025-12-29,366.64999,367.45001,353.29999,356.89999,700300
2025-12-30,356.29999,363.50000,352.50000,357.25000,731583
2025-12-31,359.00000,364.85001,357.85001,359.85001,233015
2026-01-01,362.95001,364.95001,358.54999,362.89999,274648
2026-01-02,363.85001,366.00000,359.79999,365.14999,290079
2026-01-05,365.14999,367.00000,359.35001,360.50000,270253
2026-01-06,360.50000,360.75000,349.64999,351.60001,506494
2026-01-07,351.60001,374.50000,349.10001,372.79999,3449726
2026-01-08,372.54999,372.54999,358.70001,362.20001,622308
2026-01-09,360.39999,360.39999,350.50000,351.64999,442995
2026-01-12,348.60001,350.25000,341.10001,348.29999,421275
2026-01-13,349.00000,352.79999,346.10001,351.54999,232521
2026-01-14,351.04999,353.39999,345.39999,346.25000,259836
2026-01-16,347.20001,358.50000,338.00000,339.04999,1766787
2026-01-19,339.04999,341.39999,324.54999,325.95001,710355
2026-01-20,327.50000,328.39999,312.00000,312.89999,754377
2026-01-21,312.89999,318.45001,305.29999,309.60001,716181
2026-01-22,315.00000,317.85001,310.10001,313.45001,342529
2026-01-23,314.75000,316.00000,304.64999,308.20001,371675
2026-01-27,309.64999,314.00000,299.95001,311.95001,436764
2026-01-28,311.95001,315.95001,310.50000,312.00000,331937
2026-01-29,315.00000,323.50000,308.10001,316.35001,526768
2026-01-30,313.50000,318.50000,308.75000,317.29999,318498
2026-02-02,313.25000,316.85001,307.85001,310.20001,448336
2026-02-03,319.79999,331.50000,316.00000,327.29999,848316
2026-02-04,321.00000,323.00000,311.50000,315.60001,885793
2026-02-05,314.00000,314.85001,308.14999,309.14999,520248
2026-02-06,306.00000,309.00000,301.10001,305.89999,511409
2026-02-09,310.00000,316.70001,305.54999,315.14999,648647
2026-02-10,316.00000,324.29999,313.35001,318.85001,446003
2026-02-11,319.50000,321.64999,313.50000,314.95001,326775
2026-02-12,312.54999,313.00000,276.89999,288.64999,1774175
2026-02-13,279.00000,286.79999,275.00000,279.10001,1956919
2026-02-16,280.00000,281.00000,270.00000,273.50000,773560
2026-02-17,275.00000,291.20001,272.20001,283.95001,2345100
2026-02-18,286.35001,289.45001,277.60001,283.70001,550514
2026-02-19,284.00000,289.70001,281.00000,287.75000,1297494
2026-02-20,286.75000,292.50000,283.60001,285.64999,662190
2026-02-23,285.60001,291.79999,280.04999,281.64999,616926
2026-02-24,282.39999,282.39999,268.95001,270.14999,751337
2026-02-25,272.95001,278.00000,271.04999,272.60001,454794
2026-02-26,273.14999,280.29999,270.00000,270.95001,556152
2026-02-27,271.95001,275.70001,267.00000,268.20001,632253
2026-03-02,252.70000,265.39999,252.25000,260.25000,586936
2026-03-04,258.50000,263.10001,254.50000,255.64999,821270
2026-03-05,257.04999,259.00000,248.25000,250.25000,795444
2026-03-06,250.00000,252.50000,245.70000,246.45000,916440
2026-03-09,243.00000,259.39999,238.45000,247.00000,6389341
2026-03-10,251.05000,252.00000,245.45000,250.45000,868718
2026-03-11,250.95000,256.50000,243.10001,244.80000,876692
2026-03-12,243.00000,247.05000,237.30000,242.45000,773224
2026-03-13,241.25000,242.45000,231.45000,235.75000,568958
2026-03-16,235.75000,239.20000,232.10001,233.14999,821891
2026-03-17,236.00000,236.00000,229.30000,231.75000,397159
2026-03-18,232.14999,243.60001,231.75000,240.89999,855408
2026-03-19,238.00000,238.00000,231.00000,231.89999,320597
2026-03-20,235.00000,239.85001,233.70000,236.75000,414537
2026-03-23,235.50000,236.10001,222.75000,225.00000,865043
2026-03-24,233.95000,235.14999,223.14999,227.80000,749334
2026-03-25,228.55000,235.70000,226.05000,227.75000,1170188
2026-03-27,225.50000,229.30000,219.14999,219.80000,1045907
